<?xml version="1.0" encoding="utf-8" ?>
<dwsync>
<file name="_container.php" server="31.220.16.196" local="131257743610000000" remote="131257491600000000" Dst="0" />
<file name="_footer.php" server="31.220.16.196" local="131257699542156413" remote="131257467000000000" Dst="0" />
<file name="_header.php" server="31.220.16.196" local="131257845887187605" remote="131257593600000000" Dst="0" />
<file name="_navigationbar.php" server="31.220.16.196" local="131258617254240087" remote="131258365200000000" Dst="0" />
<file name="_navigationbar.php" server="ftp.userpermissiontesting.esy.es//public_html/" local="131259555532851157" remote="131259306000000000" Dst="0" />
<file name="_navigationbar.php" server="ftp.hostfree.pw//htdocs/" local="131259555532851157" remote="131259126600000000" Dst="0" />
<file name="_container.php" server="ftp.userpermissiontesting.esy.es//public_html/" local="131257743610000000" remote="131259306000000000" Dst="0" />
<file name="_footer.php" server="ftp.userpermissiontesting.esy.es//public_html/" local="131257699542156413" remote="131259306000000000" Dst="0" />
<file name="_header.php" server="ftp.userpermissiontesting.esy.es//public_html/" local="131257845887187605" remote="131259306000000000" Dst="0" />
<file name="_footer.php" server="ftp.hostfree.pw//htdocs/" local="131257699542156413" remote="131259541200000000" Dst="0" />
<file name="_header.php" server="ftp.hostfree.pw//htdocs/" local="131257845887187605" remote="131259541200000000" Dst="0" />
<file name="_container.php" server="ftp.hostfree.pw//htdocs/" local="131257743610000000" remote="131259541200000000" Dst="0" />
</dwsync>