<?xml version="1.0" encoding="utf-8" ?>
<dwsync>
<file name=".gitattributes" server="31.220.16.196" local="131254200485194947" remote="131254055400000000" Dst="0" />
<file name=".gitignore" server="31.220.16.196" local="131254200485275014" remote="131254055400000000" Dst="0" />
<file name=".htpasswd" server="31.220.16.196" local="131254202990916384" remote="131254055400000000" Dst="0" />
<file name=".htaccess" server="31.220.16.196" local="131258701179188872" remote="131258449200000000" Dst="0" />
<file name="index.php" server="31.220.16.196" local="131256698700443252" remote="131256446400000000" Dst="0" />
<file name="license.txt" server="31.220.16.196" local="131254202991104794" remote="131254055400000000" Dst="0" />
<file name="readme.md" server="31.220.16.196" local="131258413702334897" remote="131258161200000000" Dst="0" />
<file name="index.php" server="ftp.userpermissiontesting.esy.es//public_html/" local="131256698700443252" remote="131259276000000000" Dst="0" />
<file name="index.php" server="ftp.hostfree.pw//htdocs/" local="131261203501565531" remote="131261636400000000" Dst="0" />
<file name=".htaccess" server="ftp.hostfree.pw//htdocs/" local="131262067831503998" remote="131261637600000000" Dst="0" />
<file name=".htaccess" server="ftp.phpeasy.gq//htdocs/" local="131260415034817895" remote="131259983400000000" Dst="0" />
<file name="index.php" server="ftp.phpeasy.gq//htdocs/" local="131260415178116140" remote="131259983400000000" Dst="0" />
<file name=".gitattributes" server="ftp.hostfree.pw//htdocs/" local="131261203501028372" remote="131261636400000000" Dst="0" />
<file name=".htpasswd" server="ftp.hostfree.pw//htdocs/" local="131261203501043375" remote="131261636400000000" Dst="0" />
<file name=".gitignore" server="ftp.hostfree.pw//htdocs/" local="131261203501033397" remote="131261636400000000" Dst="0" />
<file name="readme.md" server="ftp.hostfree.pw//htdocs/" local="131261203505766132" remote="131261636400000000" Dst="0" />
<file name="license.txt" server="ftp.hostfree.pw//htdocs/" local="131261203501640667" remote="131261636400000000" Dst="0" />
</dwsync>