<?xml version="1.0" encoding="utf-8" ?>
<dwsync>
<file name="jquery-3.1.1.min.js" server="31.220.16.196" local="131256705497254103" remote="131256454200000000" Dst="0" />
<file name="bootstrap.min.js" server="31.220.16.196" local="131139104100000000" remote="131256454200000000" Dst="0" />
<file name="phpeasy_library.js" server="31.220.16.196" local="131258400059710441" remote="131258148000000000" Dst="0" />
<file name="bootstrap.min.js" server="ftp.hostfree.pw//htdocs/" local="131261203501585629" remote="131260836600000000" Dst="0" />
<file name="jquery.lazyload.min.js" server="ftp.hostfree.pw//htdocs/" local="131261203501600591" remote="131260836600000000" Dst="0" />
<file name="jquery-3.1.1.min.js" server="ftp.hostfree.pw//htdocs/" local="131261203501595607" remote="131260836600000000" Dst="0" />
<file name="onpage-finish-load.js" server="ftp.hostfree.pw//htdocs/" local="131261203501615611" remote="131260836600000000" Dst="0" />
<file name="phpeasy_library.js" server="ftp.hostfree.pw//htdocs/" local="131261203501620645" remote="131260836600000000" Dst="0" />
<file name="custom-script.php" server="ftp.hostfree.pw//htdocs/" local="131261278621742041" remote="131260848600000000" Dst="0" />
<file name="bootstrap.min.js" server="ftp.phpeasy.gq//htdocs/" local="131261203501585629" remote="131260837200000000" Dst="0" />
<file name="custom-script.php" server="ftp.phpeasy.gq//htdocs/" local="131261278621742041" remote="131260853400000000" Dst="0" />
<file name="jquery-3.1.1.min.js" server="ftp.phpeasy.gq//htdocs/" local="131261203501595607" remote="131260837200000000" Dst="0" />
<file name="jquery.lazyload.min.js" server="ftp.phpeasy.gq//htdocs/" local="131261203501600591" remote="131260837200000000" Dst="0" />
<file name="onpage-finish-load.js" server="ftp.phpeasy.gq//htdocs/" local="131261203501615611" remote="131260837200000000" Dst="0" />
<file name="phpeasy_library.js" server="ftp.phpeasy.gq//htdocs/" local="131261203501620645" remote="131260837200000000" Dst="0" />
<file name="variables.php" server="ftp.phpeasy.gq//htdocs/" local="131261287158080893" remote="131260855200000000" Dst="0" />
<file name="variables.php" server="ftp.hostfree.pw//htdocs/" local="131261287158080893" remote="131260857600000000" Dst="0" />
<file name="user_script_instance_5.js" server="ftp.hostfree.pw//htdocs/" local="131261301158532046" remote="131260872600000000" Dst="0" />
<file name="js.php" server="ftp.hostfree.pw//htdocs/" local="131261995431811792" remote="131261635200000000" Dst="0" />
</dwsync>