<?xml version="1.0" encoding="utf-8" ?>
<dwsync>
<file name="_403.php" server="31.220.16.196" local="131258690920096595" remote="131258447400000000" Dst="0" />
<file name="_400.php" server="31.220.16.196" local="131258691010000000" remote="131258447400000000" Dst="0" />
<file name="_401.php" server="31.220.16.196" local="131258690961870815" remote="131258447400000000" Dst="0" />
<file name="_404.php" server="31.220.16.196" local="131258687297270596" remote="131258435400000000" Dst="0" />
<file name="_500.php" server="31.220.16.196" local="131258690874620130" remote="131258447400000000" Dst="0" />
<file name="_400.php" server="ftp.userpermissiontesting.esy.es//public_html/" local="131258691010000000" remote="131259306000000000" Dst="0" />
<file name="_401.php" server="ftp.userpermissiontesting.esy.es//public_html/" local="131258690961870815" remote="131259306000000000" Dst="0" />
<file name="_404.php" server="ftp.userpermissiontesting.esy.es//public_html/" local="131258687297270596" remote="131259306000000000" Dst="0" />
<file name="_403.php" server="ftp.userpermissiontesting.esy.es//public_html/" local="131258690920096595" remote="131259306000000000" Dst="0" />
<file name="_500.php" server="ftp.userpermissiontesting.esy.es//public_html/" local="131258690874620130" remote="131259306000000000" Dst="0" />
<file name="_400.php" server="ftp.hostfree.pw//htdocs/" local="131258691010000000" remote="131259541200000000" Dst="0" />
<file name="_404.php" server="ftp.hostfree.pw//htdocs/" local="131258687297270596" remote="131259541200000000" Dst="0" />
<file name="_401.php" server="ftp.hostfree.pw//htdocs/" local="131258690961870815" remote="131259541200000000" Dst="0" />
<file name="_403.php" server="ftp.hostfree.pw//htdocs/" local="131258690920096595" remote="131259541200000000" Dst="0" />
<file name="_500.php" server="ftp.hostfree.pw//htdocs/" local="131258690874620130" remote="131259541200000000" Dst="0" />
</dwsync>