<?xml version="1.0" encoding="utf-8" ?>
<dwsync>
<file name="_body.php" server="31.220.16.196" local="131257815270689649" remote="131257563600000000" Dst="0" />
<file name="_layout.php" server="31.220.16.196" local="131257725598219466" remote="131257477800000000" Dst="0" />
<file name="_head.php" server="31.220.16.196" local="131256710441715479" remote="131257467000000000" Dst="0" />
<file name="_body.php" server="ftp.userpermissiontesting.esy.es//public_html/" local="131258733849403257" remote="131259306000000000" Dst="0" />
<file name="_head.php" server="ftp.userpermissiontesting.esy.es//public_html/" local="131256710441715479" remote="131259306000000000" Dst="0" />
<file name="_layout.php" server="ftp.userpermissiontesting.esy.es//public_html/" local="131257725598219466" remote="131259306000000000" Dst="0" />
<file name="_body.php" server="ftp.hostfree.pw//htdocs/" local="131261995431821796" remote="131261636400000000" Dst="0" />
<file name="_head.php" server="ftp.hostfree.pw//htdocs/" local="131261995431831805" remote="131261636400000000" Dst="0" />
<file name="_layout.php" server="ftp.hostfree.pw//htdocs/" local="131261203501736650" remote="131261636400000000" Dst="0" />
<file name="_body.php" server="ftp.phpeasy.gq//htdocs/" local="131261203501726633" remote="131260837800000000" Dst="0" />
<file name="_head.php" server="ftp.phpeasy.gq//htdocs/" local="131261203501731648" remote="131260837800000000" Dst="0" />
<file name="_layout.php" server="ftp.phpeasy.gq//htdocs/" local="131261203501736650" remote="131260837800000000" Dst="0" />
</dwsync>