<?xml version="1.0" encoding="utf-8" ?>
<dwsync>
<file name="css.php" server="31.220.16.196" local="131258723596803584" remote="131258471400000000" Dst="0" />
<file name="bootstrap-theme.min.css" server="31.220.16.196" local="131139104080000000" remote="131256454200000000" Dst="0" />
<file name="bootstrap-theme.min.css.map" server="31.220.16.196" local="131139104080000000" remote="131256454200000000" Dst="0" />
<file name="bootstrap.min.css" server="31.220.16.196" local="131256701901247468" remote="131256454200000000" Dst="0" />
<file name="bootstrap.min.css.map" server="31.220.16.196" local="131139104080000000" remote="131256454200000000" Dst="0" />
<file name="custom.css" server="31.220.16.196" local="131257760030708850" remote="131257507800000000" Dst="0" />
<file name="font-awesome.min.css" server="31.220.16.196" local="131160116840000000" remote="131257515000000000" Dst="0" />
<file name="bootstrap-theme.min.css" server="ftp.userpermissiontesting.esy.es//public_html/" local="131139104080000000" remote="131259280200000000" Dst="0" />
<file name="bootstrap-theme.min.css.map" server="ftp.userpermissiontesting.esy.es//public_html/" local="131139104080000000" remote="131259280200000000" Dst="0" />
<file name="css.php" server="ftp.userpermissiontesting.esy.es//public_html/" local="131258724652631208" remote="131259280200000000" Dst="0" />
<file name="font-awesome.min.css" server="ftp.userpermissiontesting.esy.es//public_html/" local="131160116840000000" remote="131259280200000000" Dst="0" />
<file name="custom.css" server="ftp.userpermissiontesting.esy.es//public_html/" local="131259586987991980" remote="131259334800000000" Dst="0" />
<file name="bootstrap.min.css.map" server="ftp.userpermissiontesting.esy.es//public_html/" local="131139104080000000" remote="131259280200000000" Dst="0" />
<file name="bootstrap.min.css" server="ftp.userpermissiontesting.esy.es//public_html/" local="131256701901247468" remote="131259280200000000" Dst="0" />
<file name="custom.css" server="ftp.hostfree.pw//htdocs/" local="131260296661006583" remote="131259891000000000" Dst="0" />
<file name="bs-carousel.css" server="ftp.userpermissiontesting.esy.es//public_html/" local="131259882119344098" remote="131259630000000000" Dst="0" />
<file name="carousel-preview.css" server="ftp.userpermissiontesting.esy.es//public_html/" local="131259579997798599" remote="131259327600000000" Dst="0" />
<file name="login-dropdown.css" server="ftp.userpermissiontesting.esy.es//public_html/" local="131259570565961925" remote="131259319200000000" Dst="0" />
<file name="bootstrap-theme.min.css.map" server="ftp.hostfree.pw//htdocs/" local="131139104080000000" remote="131259891000000000" Dst="0" />
<file name="bootstrap-theme.min.css" server="ftp.hostfree.pw//htdocs/" local="131139104080000000" remote="131259891000000000" Dst="0" />
<file name="bootstrap.min.css" server="ftp.hostfree.pw//htdocs/" local="131256701901247468" remote="131259891000000000" Dst="0" />
<file name="bs-carousel.css" server="ftp.hostfree.pw//htdocs/" local="131260296660966561" remote="131259891000000000" Dst="0" />
<file name="carousel-preview.css" server="ftp.hostfree.pw//htdocs/" local="131260296660986619" remote="131259891000000000" Dst="0" />
<file name="css.php" server="ftp.hostfree.pw//htdocs/" local="131258724652631208" remote="131259891000000000" Dst="0" />
<file name="login-dropdown.css" server="ftp.hostfree.pw//htdocs/" local="131260296661031589" remote="131259891000000000" Dst="0" />
<file name="bootstrap.min.css.map" server="ftp.hostfree.pw//htdocs/" local="131139104080000000" remote="131259891000000000" Dst="0" />
<file name="font-awesome.min.css" server="ftp.hostfree.pw//htdocs/" local="131160116840000000" remote="131259891000000000" Dst="0" />
</dwsync>