<?xml version="1.0" encoding="utf-8" ?>
<dwsync>
<file name="control.php" server="31.220.16.196" local="131257822725057822" remote="131257570200000000" Dst="0" />
<file name="config.php" server="31.220.16.196" local="131257834768753842" remote="131257582800000000" Dst="0" />
<file name="mysql_config.php" server="31.220.16.196" local="131257834257409041" remote="131257582800000000" Dst="0" />
<file name="php_library.php" server="31.220.16.196" local="131258678410000000" remote="131258426400000000" Dst="0" />
<file name="session_security.php" server="31.220.16.196" local="131254127488738166" remote="131254056000000000" Dst="0" />
<file name="config.php" server="ftp.hostfree.pw//htdocs/" local="131260370342876086" remote="131259940200000000" Dst="0" />
<file name="control.php" server="ftp.hostfree.pw//htdocs/" local="131261290630991871" remote="131260860600000000" Dst="0" />
<file name="mysql_config.php" server="ftp.hostfree.pw//htdocs/" local="131257834257409041" remote="131259100800000000" Dst="0" />
<file name="php_library.php" server="ftp.hostfree.pw//htdocs/" local="131260375952896045" remote="131259946200000000" Dst="0" />
<file name="session_security.php" server="ftp.hostfree.pw//htdocs/" local="131254127488738166" remote="131259100800000000" Dst="0" />
<file name="config.php" server="ftp.userpermissiontesting.esy.es//public_html/" local="131257834768753842" remote="131259280200000000" Dst="0" />
<file name="control.php" server="ftp.userpermissiontesting.esy.es//public_html/" local="131257822725057822" remote="131259280200000000" Dst="0" />
<file name="session_security.php" server="ftp.userpermissiontesting.esy.es//public_html/" local="131254127488738166" remote="131259280200000000" Dst="0" />
<file name="php_library.php" server="ftp.userpermissiontesting.esy.es//public_html/" local="131258678410000000" remote="131259280200000000" Dst="0" />
<file name="mysql_config.php" server="ftp.userpermissiontesting.esy.es//public_html/" local="131257834257409041" remote="131259280200000000" Dst="0" />
</dwsync>